1,浩,鈴木,suzukihiroshi@test.com,suzukiPwd,1
2,貴大,粕谷,kasuyatakahiro@test.com,kasuyaPwd,1
3,信夫,中橋,nakahashinobuo@test.com,nakahaPwd,1
4,昌也,北見,kitamimasaya@test.com,kitamiPwd,1
5,佑輔,宮園,miyazonoyuusuke@test.com,miyazoPwd,1
6,信介,田部,tabesinsuke@test.com,tabesiPwd,1
7,研,城山,siroyamakenn@test.com,siroyaPwd,1
8,良祐,山平,yamahiraryousuke@test.com,yamahiPwd,1
9,啓一郎,安島,ajimakeiitirou@test.com,ajimakPwd,1
10,政則,真下,mashitamasanori@test.com,mashitPwd,1
11,郁雄,増野,masunoikuo@test.com,masunoPwd,1
12,寧,玄,gennyasushi@test.com,gennyaPwd,1
13,浩光,相田,soudahiromitsu@test.com,soudahPwd,1
14,清司,芝池,sibaikekiyoshi@test.com,sibaikPwd,1
15,勝浩,中須,nakasukatsuhiro@test.com,nakasuPwd,1
16,勝仁,双葉,futabakatuhito@test.com,futabaPwd,1
17,信浩,奥田,okutanobuhiro@test.com,okutanPwd,1
18,広,油谷,aburayahiro@test.com,aburayPwd,1
19,彰悟,勝賀瀬,syougasesyougo@test.com,syougaPwd,1
20,克文,荒関,arasekikatufumi@test.com,arasekPwd,1